model,MAE,MSE,R2,Mean R2
XGBoost,0.4277740016975432,0.3816090617498405,0.6324385790795827,0.6108125599643704
GradientBoosting,0.426059760976942,0.3811978081735906,0.6328346937529394,0.6083997358583659
DecisionTree,0.593969069099848,0.7647251432892576,0.26342561418200716,0.19693628831436508
RandomForest,0.4255654834228124,0.38385967289774287,0.6302708165330931,0.5902573317869022
XGBoost with GridSearchCV,0.4192797884413605,0.3659819233301608,0.6474904575022782,0.6226751718228113
GradientBoosting with GridSearchCV,0.4228991097876864,0.37621820216063323,0.6376309924921615,0.6148126360855419
DecisionTree with GridSearchCV,0.4912981792957077,0.49010138446067725,0.5279400325521606,0.5113092176658961
RandomForest with GridSearchCV,0.4419308061615882,0.4130969971377527,0.6021097650310883,0.5833905359780787
