model,MAE,MSE,R2,Mean R2
XGBoost,0.42600095799914556,0.3791553773079882,0.6348019394667863,0.611196561219705
GradientBoosting,0.4279096334736602,0.38644466813765577,0.6277809791086408,0.609137365404959
DecisionTree,0.5807080951782124,0.7461162580045064,0.2813494765914696,0.19432439240448382
RandomForest,0.425483634516543,0.3831993505716717,0.6309068313366286,0.5892218894161327
XGBoost with GridSearchCV,0.417948710369228,0.3666245435874306,0.6468714931260361,0.6236665085027524
GradientBoosting with GridSearchCV,0.41287871364430556,0.3610637792550407,0.6522275568160454,0.6197715993026719
DecisionTree with GridSearchCV,0.4905593975703934,0.4892689162773502,0.5287418562482008,0.5087785382191068
RandomForest with GridSearchCV,0.44110490185796525,0.4106123098342829,0.6045029870149127,0.5849220375805311
